<?xml version="1.0" encoding="UTF-8" ?>
<!-- This is a WordPress eXtended RSS file generated by WordPress as an export of your site. -->
<!-- It contains information about your site's posts, pages, comments, categories, and other content. -->
<!-- You may use this file to transfer that content from one site to another. -->
<!-- This file is not intended to serve as a complete backup of your site. -->

<!-- To import this information into a WordPress site follow these steps: -->
<!-- 1. Log in to that site as an administrator. -->
<!-- 2. Go to Tools: Import in the WordPress admin panel. -->
<!-- 3. Install the "WordPress" importer from the list. -->
<!-- 4. Activate & Run Importer. -->
<!-- 5. Upload this file using the form provided on that page. -->
<!-- 6. You will first be asked to map the authors in this export file to users -->
<!--    on the site. For each author, you may choose to map to an -->
<!--    existing user on the site or to create a new user. -->
<!-- 7. WordPress will then import each of the posts, pages, comments, categories, etc. -->
<!--    contained in this file into your site. -->

	<!-- generator="WordPress/5.4.2" created="2021-04-30 06:56" -->
<rss version="2.0"
	xmlns:excerpt="http://wordpress.org/export/1.2/excerpt/"
	xmlns:content="http://purl.org/rss/1.0/modules/content/"
	xmlns:wfw="http://wellformedweb.org/CommentAPI/"
	xmlns:dc="http://purl.org/dc/elements/1.1/"
	xmlns:wp="http://wordpress.org/export/1.2/"
>

<channel>
	<title>Industries</title>
	<link>http://localhost/ubedullah/Wordpress/industries</link>
	<description>Just another WordPress site</description>
	<pubDate>Fri, 30 Apr 2021 06:56:26 +0000</pubDate>
	<language>en-US</language>
	<wp:wxr_version>1.2</wp:wxr_version>
	<wp:base_site_url>http://localhost/ubedullah/Wordpress/industries</wp:base_site_url>
	<wp:base_blog_url>http://localhost/ubedullah/Wordpress/industries</wp:base_blog_url>

		<wp:author><wp:author_id>1</wp:author_id><wp:author_login><![CDATA[W3Layouts]]></wp:author_login><wp:author_email><![CDATA[ubed@w3layouts.com]]></wp:author_email><wp:author_display_name><![CDATA[W3Layouts]]></wp:author_display_name><wp:author_first_name><![CDATA[]]></wp:author_first_name><wp:author_last_name><![CDATA[]]></wp:author_last_name></wp:author>

		<wp:category>
		<wp:term_id>4</wp:term_id>
		<wp:category_nicename><![CDATA[business]]></wp:category_nicename>
		<wp:category_parent><![CDATA[]]></wp:category_parent>
		<wp:cat_name><![CDATA[Business]]></wp:cat_name>
	</wp:category>
		<wp:category>
		<wp:term_id>5</wp:term_id>
		<wp:category_nicename><![CDATA[creative]]></wp:category_nicename>
		<wp:category_parent><![CDATA[]]></wp:category_parent>
		<wp:cat_name><![CDATA[Creative]]></wp:cat_name>
	</wp:category>
		<wp:category>
		<wp:term_id>6</wp:term_id>
		<wp:category_nicename><![CDATA[design]]></wp:category_nicename>
		<wp:category_parent><![CDATA[]]></wp:category_parent>
		<wp:cat_name><![CDATA[Design]]></wp:cat_name>
	</wp:category>
		<wp:category>
		<wp:term_id>3</wp:term_id>
		<wp:category_nicename><![CDATA[industry]]></wp:category_nicename>
		<wp:category_parent><![CDATA[]]></wp:category_parent>
		<wp:cat_name><![CDATA[Industry]]></wp:cat_name>
	</wp:category>
		<wp:category>
		<wp:term_id>1</wp:term_id>
		<wp:category_nicename><![CDATA[uncategorized]]></wp:category_nicename>
		<wp:category_parent><![CDATA[]]></wp:category_parent>
		<wp:cat_name><![CDATA[Uncategorized]]></wp:cat_name>
	</wp:category>
				<wp:term>
		<wp:term_id><![CDATA[4]]></wp:term_id>
		<wp:term_taxonomy><![CDATA[category]]></wp:term_taxonomy>
		<wp:term_slug><![CDATA[business]]></wp:term_slug>
		<wp:term_parent><![CDATA[]]></wp:term_parent>
		<wp:term_name><![CDATA[Business]]></wp:term_name>
	</wp:term>
		<wp:term>
		<wp:term_id><![CDATA[5]]></wp:term_id>
		<wp:term_taxonomy><![CDATA[category]]></wp:term_taxonomy>
		<wp:term_slug><![CDATA[creative]]></wp:term_slug>
		<wp:term_parent><![CDATA[]]></wp:term_parent>
		<wp:term_name><![CDATA[Creative]]></wp:term_name>
	</wp:term>
		<wp:term>
		<wp:term_id><![CDATA[6]]></wp:term_id>
		<wp:term_taxonomy><![CDATA[category]]></wp:term_taxonomy>
		<wp:term_slug><![CDATA[design]]></wp:term_slug>
		<wp:term_parent><![CDATA[]]></wp:term_parent>
		<wp:term_name><![CDATA[Design]]></wp:term_name>
	</wp:term>
		<wp:term>
		<wp:term_id><![CDATA[2]]></wp:term_id>
		<wp:term_taxonomy><![CDATA[nav_menu]]></wp:term_taxonomy>
		<wp:term_slug><![CDATA[header-menu]]></wp:term_slug>
		<wp:term_parent><![CDATA[]]></wp:term_parent>
		<wp:term_name><![CDATA[Header Menu]]></wp:term_name>
	</wp:term>
		<wp:term>
		<wp:term_id><![CDATA[3]]></wp:term_id>
		<wp:term_taxonomy><![CDATA[category]]></wp:term_taxonomy>
		<wp:term_slug><![CDATA[industry]]></wp:term_slug>
		<wp:term_parent><![CDATA[]]></wp:term_parent>
		<wp:term_name><![CDATA[Industry]]></wp:term_name>
	</wp:term>
		<wp:term>
		<wp:term_id><![CDATA[1]]></wp:term_id>
		<wp:term_taxonomy><![CDATA[category]]></wp:term_taxonomy>
		<wp:term_slug><![CDATA[uncategorized]]></wp:term_slug>
		<wp:term_parent><![CDATA[]]></wp:term_parent>
		<wp:term_name><![CDATA[Uncategorized]]></wp:term_name>
	</wp:term>
			<wp:term><wp:term_id>2</wp:term_id><wp:term_taxonomy>nav_menu</wp:term_taxonomy><wp:term_slug><![CDATA[header-menu]]></wp:term_slug><wp:term_name><![CDATA[Header Menu]]></wp:term_name>
</wp:term>

	<generator>https://wordpress.org/?v=5.4.2</generator>

		<item>
		<title>Sample Page</title>
		<link>http://localhost/ubedullah/Wordpress/industries/index.php/sample-page/</link>
		<pubDate>Thu, 29 Apr 2021 11:21:36 +0000</pubDate>
		<dc:creator><![CDATA[W3Layouts]]></dc:creator>
		<guid isPermaLink="false">http://localhost/ubedullah/Wordpress/industries/?page_id=2</guid>
		<description></description>
		<content:encoded><![CDATA[<!-- wp:paragraph -->
<p>This is an example page. It's different from a blog post because it will stay in one place and will show up in your site navigation (in most themes). Most people start with an About page that introduces them to potential site visitors. It might say something like this:</p>
<!-- /wp:paragraph -->

<!-- wp:quote -->
<blockquote class="wp-block-quote"><p>Hi there! I'm a bike messenger by day, aspiring actor by night, and this is my website. I live in Los Angeles, have a great dog named Jack, and I like pi&#241;a coladas. (And gettin' caught in the rain.)</p></blockquote>
<!-- /wp:quote -->

<!-- wp:paragraph -->
<p>...or something like this:</p>
<!-- /wp:paragraph -->

<!-- wp:quote -->
<blockquote class="wp-block-quote"><p>The XYZ Doohickey Company was founded in 1971, and has been providing quality doohickeys to the public ever since. Located in Gotham City, XYZ employs over 2,000 people and does all kinds of awesome things for the Gotham community.</p></blockquote>
<!-- /wp:quote -->

<!-- wp:paragraph -->
<p>As a new WordPress user, you should go to <a href="http://localhost/ubedullah/Wordpress/industries/wp-admin/">your dashboard</a> to delete this page and create new pages for your content. Have fun!</p>
<!-- /wp:paragraph -->]]></content:encoded>
		<excerpt:encoded><![CDATA[]]></excerpt:encoded>
		<wp:post_id>2</wp:post_id>
		<wp:post_date><![CDATA[2021-04-29 11:21:36]]></wp:post_date>
		<wp:post_date_gmt><![CDATA[2021-04-29 11:21:36]]></wp:post_date_gmt>
		<wp:comment_status><![CDATA[closed]]></wp:comment_status>
		<wp:ping_status><![CDATA[open]]></wp:ping_status>
		<wp:post_name><![CDATA[sample-page]]></wp:post_name>
		<wp:status><![CDATA[publish]]></wp:status>
		<wp:post_parent>0</wp:post_parent>
		<wp:menu_order>0</wp:menu_order>
		<wp:post_type><![CDATA[page]]></wp:post_type>
		<wp:post_password><![CDATA[]]></wp:post_password>
		<wp:is_sticky>0</wp:is_sticky>
														<wp:postmeta>
		<wp:meta_key><![CDATA[_wp_page_template]]></wp:meta_key>
		<wp:meta_value><![CDATA[default]]></wp:meta_value>
		</wp:postmeta>
							</item>
					<item>
		<title>Privacy Policy</title>
		<link>http://localhost/ubedullah/Wordpress/industries/?page_id=3</link>
		<pubDate>Thu, 29 Apr 2021 11:21:36 +0000</pubDate>
		<dc:creator><![CDATA[W3Layouts]]></dc:creator>
		<guid isPermaLink="false">http://localhost/ubedullah/Wordpress/industries/?page_id=3</guid>
		<description></description>
		<content:encoded><![CDATA[<!-- wp:heading --><h2>Who we are</h2><!-- /wp:heading --><!-- wp:paragraph --><p>Our website address is: http://localhost/ubedullah/Wordpress/industries.</p><!-- /wp:paragraph --><!-- wp:heading --><h2>What personal data we collect and why we collect it</h2><!-- /wp:heading --><!-- wp:heading {"level":3} --><h3>Comments</h3><!-- /wp:heading --><!-- wp:paragraph --><p>When visitors leave comments on the site we collect the data shown in the comments form, and also the visitor&#8217;s IP address and browser user agent string to help spam detection.</p><!-- /wp:paragraph --><!-- wp:paragraph --><p>An anonymized string created from your email address (also called a hash) may be provided to the Gravatar service to see if you are using it. The Gravatar service privacy policy is available here: https://automattic.com/privacy/. After approval of your comment, your profile picture is visible to the public in the context of your comment.</p><!-- /wp:paragraph --><!-- wp:heading {"level":3} --><h3>Media</h3><!-- /wp:heading --><!-- wp:paragraph --><p>If you upload images to the website, you should avoid uploading images with embedded location data (EXIF GPS) included. Visitors to the website can download and extract any location data from images on the website.</p><!-- /wp:paragraph --><!-- wp:heading {"level":3} --><h3>Contact forms</h3><!-- /wp:heading --><!-- wp:heading {"level":3} --><h3>Cookies</h3><!-- /wp:heading --><!-- wp:paragraph --><p>If you leave a comment on our site you may opt-in to saving your name, email address and website in cookies. These are for your convenience so that you do not have to fill in your details again when you leave another comment. These cookies will last for one year.</p><!-- /wp:paragraph --><!-- wp:paragraph --><p>If you visit our login page, we will set a temporary cookie to determine if your browser accepts cookies. This cookie contains no personal data and is discarded when you close your browser.</p><!-- /wp:paragraph --><!-- wp:paragraph --><p>When you log in, we will also set up several cookies to save your login information and your screen display choices. Login cookies last for two days, and screen options cookies last for a year. If you select &quot;Remember Me&quot;, your login will persist for two weeks. If you log out of your account, the login cookies will be removed.</p><!-- /wp:paragraph --><!-- wp:paragraph --><p>If you edit or publish an article, an additional cookie will be saved in your browser. This cookie includes no personal data and simply indicates the post ID of the article you just edited. It expires after 1 day.</p><!-- /wp:paragraph --><!-- wp:heading {"level":3} --><h3>Embedded content from other websites</h3><!-- /wp:heading --><!-- wp:paragraph --><p>Articles on this site may include embedded content (e.g. videos, images, articles, etc.). Embedded content from other websites behaves in the exact same way as if the visitor has visited the other website.</p><!-- /wp:paragraph --><!-- wp:paragraph --><p>These websites may collect data about you, use cookies, embed additional third-party tracking, and monitor your interaction with that embedded content, including tracking your interaction with the embedded content if you have an account and are logged in to that website.</p><!-- /wp:paragraph --><!-- wp:heading {"level":3} --><h3>Analytics</h3><!-- /wp:heading --><!-- wp:heading --><h2>Who we share your data with</h2><!-- /wp:heading --><!-- wp:heading --><h2>How long we retain your data</h2><!-- /wp:heading --><!-- wp:paragraph --><p>If you leave a comment, the comment and its metadata are retained indefinitely. This is so we can recognize and approve any follow-up comments automatically instead of holding them in a moderation queue.</p><!-- /wp:paragraph --><!-- wp:paragraph --><p>For users that register on our website (if any), we also store the personal information they provide in their user profile. All users can see, edit, or delete their personal information at any time (except they cannot change their username). Website administrators can also see and edit that information.</p><!-- /wp:paragraph --><!-- wp:heading --><h2>What rights you have over your data</h2><!-- /wp:heading --><!-- wp:paragraph --><p>If you have an account on this site, or have left comments, you can request to receive an exported file of the personal data we hold about you, including any data you have provided to us. You can also request that we erase any personal data we hold about you. This does not include any data we are obliged to keep for administrative, legal, or security purposes.</p><!-- /wp:paragraph --><!-- wp:heading --><h2>Where we send your data</h2><!-- /wp:heading --><!-- wp:paragraph --><p>Visitor comments may be checked through an automated spam detection service.</p><!-- /wp:paragraph --><!-- wp:heading --><h2>Your contact information</h2><!-- /wp:heading --><!-- wp:heading --><h2>Additional information</h2><!-- /wp:heading --><!-- wp:heading {"level":3} --><h3>How we protect your data</h3><!-- /wp:heading --><!-- wp:heading {"level":3} --><h3>What data breach procedures we have in place</h3><!-- /wp:heading --><!-- wp:heading {"level":3} --><h3>What third parties we receive data from</h3><!-- /wp:heading --><!-- wp:heading {"level":3} --><h3>What automated decision making and/or profiling we do with user data</h3><!-- /wp:heading --><!-- wp:heading {"level":3} --><h3>Industry regulatory disclosure requirements</h3><!-- /wp:heading -->]]></content:encoded>
		<excerpt:encoded><![CDATA[]]></excerpt:encoded>
		<wp:post_id>3</wp:post_id>
		<wp:post_date><![CDATA[2021-04-29 11:21:36]]></wp:post_date>
		<wp:post_date_gmt><![CDATA[2021-04-29 11:21:36]]></wp:post_date_gmt>
		<wp:comment_status><![CDATA[closed]]></wp:comment_status>
		<wp:ping_status><![CDATA[open]]></wp:ping_status>
		<wp:post_name><![CDATA[privacy-policy]]></wp:post_name>
		<wp:status><![CDATA[draft]]></wp:status>
		<wp:post_parent>0</wp:post_parent>
		<wp:menu_order>0</wp:menu_order>
		<wp:post_type><![CDATA[page]]></wp:post_type>
		<wp:post_password><![CDATA[]]></wp:post_password>
		<wp:is_sticky>0</wp:is_sticky>
														<wp:postmeta>
		<wp:meta_key><![CDATA[_wp_page_template]]></wp:meta_key>
		<wp:meta_value><![CDATA[default]]></wp:meta_value>
		</wp:postmeta>
							</item>
					<item>
		<title>Home page</title>
		<link>http://localhost/ubedullah/Wordpress/industries/</link>
		<pubDate>Fri, 30 Apr 2021 06:04:08 +0000</pubDate>
		<dc:creator><![CDATA[W3Layouts]]></dc:creator>
		<guid isPermaLink="false">http://localhost/ubedullah/Wordpress/industries/?page_id=5</guid>
		<description></description>
		<content:encoded><![CDATA[]]></content:encoded>
		<excerpt:encoded><![CDATA[]]></excerpt:encoded>
		<wp:post_id>5</wp:post_id>
		<wp:post_date><![CDATA[2021-04-30 06:04:08]]></wp:post_date>
		<wp:post_date_gmt><![CDATA[2021-04-30 06:04:08]]></wp:post_date_gmt>
		<wp:comment_status><![CDATA[closed]]></wp:comment_status>
		<wp:ping_status><![CDATA[closed]]></wp:ping_status>
		<wp:post_name><![CDATA[home-page]]></wp:post_name>
		<wp:status><![CDATA[publish]]></wp:status>
		<wp:post_parent>0</wp:post_parent>
		<wp:menu_order>0</wp:menu_order>
		<wp:post_type><![CDATA[page]]></wp:post_type>
		<wp:post_password><![CDATA[]]></wp:post_password>
		<wp:is_sticky>0</wp:is_sticky>
														<wp:postmeta>
		<wp:meta_key><![CDATA[_wp_page_template]]></wp:meta_key>
		<wp:meta_value><![CDATA[page-templates/template-homepage.php]]></wp:meta_value>
		</wp:postmeta>
							</item>
					<item>
		<title>About page</title>
		<link>http://localhost/ubedullah/Wordpress/industries/index.php/about-page/</link>
		<pubDate>Fri, 30 Apr 2021 06:04:31 +0000</pubDate>
		<dc:creator><![CDATA[W3Layouts]]></dc:creator>
		<guid isPermaLink="false">http://localhost/ubedullah/Wordpress/industries/?page_id=7</guid>
		<description></description>
		<content:encoded><![CDATA[]]></content:encoded>
		<excerpt:encoded><![CDATA[]]></excerpt:encoded>
		<wp:post_id>7</wp:post_id>
		<wp:post_date><![CDATA[2021-04-30 06:04:31]]></wp:post_date>
		<wp:post_date_gmt><![CDATA[2021-04-30 06:04:31]]></wp:post_date_gmt>
		<wp:comment_status><![CDATA[closed]]></wp:comment_status>
		<wp:ping_status><![CDATA[closed]]></wp:ping_status>
		<wp:post_name><![CDATA[about-page]]></wp:post_name>
		<wp:status><![CDATA[publish]]></wp:status>
		<wp:post_parent>0</wp:post_parent>
		<wp:menu_order>0</wp:menu_order>
		<wp:post_type><![CDATA[page]]></wp:post_type>
		<wp:post_password><![CDATA[]]></wp:post_password>
		<wp:is_sticky>0</wp:is_sticky>
														<wp:postmeta>
		<wp:meta_key><![CDATA[_wp_page_template]]></wp:meta_key>
		<wp:meta_value><![CDATA[page-templates/template-aboutpage.php]]></wp:meta_value>
		</wp:postmeta>
							</item>
					<item>
		<title>Services page</title>
		<link>http://localhost/ubedullah/Wordpress/industries/index.php/services-page/</link>
		<pubDate>Fri, 30 Apr 2021 06:04:48 +0000</pubDate>
		<dc:creator><![CDATA[W3Layouts]]></dc:creator>
		<guid isPermaLink="false">http://localhost/ubedullah/Wordpress/industries/?page_id=9</guid>
		<description></description>
		<content:encoded><![CDATA[]]></content:encoded>
		<excerpt:encoded><![CDATA[]]></excerpt:encoded>
		<wp:post_id>9</wp:post_id>
		<wp:post_date><![CDATA[2021-04-30 06:04:48]]></wp:post_date>
		<wp:post_date_gmt><![CDATA[2021-04-30 06:04:48]]></wp:post_date_gmt>
		<wp:comment_status><![CDATA[closed]]></wp:comment_status>
		<wp:ping_status><![CDATA[closed]]></wp:ping_status>
		<wp:post_name><![CDATA[services-page]]></wp:post_name>
		<wp:status><![CDATA[publish]]></wp:status>
		<wp:post_parent>0</wp:post_parent>
		<wp:menu_order>0</wp:menu_order>
		<wp:post_type><![CDATA[page]]></wp:post_type>
		<wp:post_password><![CDATA[]]></wp:post_password>
		<wp:is_sticky>0</wp:is_sticky>
														<wp:postmeta>
		<wp:meta_key><![CDATA[_wp_page_template]]></wp:meta_key>
		<wp:meta_value><![CDATA[page-templates/template-servicespage.php]]></wp:meta_value>
		</wp:postmeta>
							</item>
					<item>
		<title>Contact page</title>
		<link>http://localhost/ubedullah/Wordpress/industries/index.php/contact-page/</link>
		<pubDate>Fri, 30 Apr 2021 06:05:11 +0000</pubDate>
		<dc:creator><![CDATA[W3Layouts]]></dc:creator>
		<guid isPermaLink="false">http://localhost/ubedullah/Wordpress/industries/?page_id=11</guid>
		<description></description>
		<content:encoded><![CDATA[]]></content:encoded>
		<excerpt:encoded><![CDATA[]]></excerpt:encoded>
		<wp:post_id>11</wp:post_id>
		<wp:post_date><![CDATA[2021-04-30 06:05:11]]></wp:post_date>
		<wp:post_date_gmt><![CDATA[2021-04-30 06:05:11]]></wp:post_date_gmt>
		<wp:comment_status><![CDATA[closed]]></wp:comment_status>
		<wp:ping_status><![CDATA[closed]]></wp:ping_status>
		<wp:post_name><![CDATA[contact-page]]></wp:post_name>
		<wp:status><![CDATA[publish]]></wp:status>
		<wp:post_parent>0</wp:post_parent>
		<wp:menu_order>0</wp:menu_order>
		<wp:post_type><![CDATA[page]]></wp:post_type>
		<wp:post_password><![CDATA[]]></wp:post_password>
		<wp:is_sticky>0</wp:is_sticky>
														<wp:postmeta>
		<wp:meta_key><![CDATA[_wp_page_template]]></wp:meta_key>
		<wp:meta_value><![CDATA[page-templates/template-contactpage.php]]></wp:meta_value>
		</wp:postmeta>
							</item>
					<item>
		<title>404 page</title>
		<link>http://localhost/ubedullah/Wordpress/industries/index.php/404-page/</link>
		<pubDate>Fri, 30 Apr 2021 06:05:29 +0000</pubDate>
		<dc:creator><![CDATA[W3Layouts]]></dc:creator>
		<guid isPermaLink="false">http://localhost/ubedullah/Wordpress/industries/?page_id=13</guid>
		<description></description>
		<content:encoded><![CDATA[]]></content:encoded>
		<excerpt:encoded><![CDATA[]]></excerpt:encoded>
		<wp:post_id>13</wp:post_id>
		<wp:post_date><![CDATA[2021-04-30 06:05:29]]></wp:post_date>
		<wp:post_date_gmt><![CDATA[2021-04-30 06:05:29]]></wp:post_date_gmt>
		<wp:comment_status><![CDATA[closed]]></wp:comment_status>
		<wp:ping_status><![CDATA[closed]]></wp:ping_status>
		<wp:post_name><![CDATA[404-page]]></wp:post_name>
		<wp:status><![CDATA[publish]]></wp:status>
		<wp:post_parent>0</wp:post_parent>
		<wp:menu_order>0</wp:menu_order>
		<wp:post_type><![CDATA[page]]></wp:post_type>
		<wp:post_password><![CDATA[]]></wp:post_password>
		<wp:is_sticky>0</wp:is_sticky>
														<wp:postmeta>
		<wp:meta_key><![CDATA[_wp_page_template]]></wp:meta_key>
		<wp:meta_value><![CDATA[page-templates/template-404.php]]></wp:meta_value>
		</wp:postmeta>
							</item>
					<item>
		<title>Single Landing page</title>
		<link>http://localhost/ubedullah/Wordpress/industries/index.php/single-landing-page/</link>
		<pubDate>Fri, 30 Apr 2021 06:05:47 +0000</pubDate>
		<dc:creator><![CDATA[W3Layouts]]></dc:creator>
		<guid isPermaLink="false">http://localhost/ubedullah/Wordpress/industries/?page_id=15</guid>
		<description></description>
		<content:encoded><![CDATA[]]></content:encoded>
		<excerpt:encoded><![CDATA[]]></excerpt:encoded>
		<wp:post_id>15</wp:post_id>
		<wp:post_date><![CDATA[2021-04-30 06:05:47]]></wp:post_date>
		<wp:post_date_gmt><![CDATA[2021-04-30 06:05:47]]></wp:post_date_gmt>
		<wp:comment_status><![CDATA[closed]]></wp:comment_status>
		<wp:ping_status><![CDATA[closed]]></wp:ping_status>
		<wp:post_name><![CDATA[single-landing-page]]></wp:post_name>
		<wp:status><![CDATA[publish]]></wp:status>
		<wp:post_parent>0</wp:post_parent>
		<wp:menu_order>0</wp:menu_order>
		<wp:post_type><![CDATA[page]]></wp:post_type>
		<wp:post_password><![CDATA[]]></wp:post_password>
		<wp:is_sticky>0</wp:is_sticky>
														<wp:postmeta>
		<wp:meta_key><![CDATA[_wp_page_template]]></wp:meta_key>
		<wp:meta_value><![CDATA[page-templates/template-singlelandingpage.php]]></wp:meta_value>
		</wp:postmeta>
							</item>
					<item>
		<title>Elements page</title>
		<link>http://localhost/ubedullah/Wordpress/industries/index.php/elements-page/</link>
		<pubDate>Fri, 30 Apr 2021 06:06:03 +0000</pubDate>
		<dc:creator><![CDATA[W3Layouts]]></dc:creator>
		<guid isPermaLink="false">http://localhost/ubedullah/Wordpress/industries/?page_id=17</guid>
		<description></description>
		<content:encoded><![CDATA[]]></content:encoded>
		<excerpt:encoded><![CDATA[]]></excerpt:encoded>
		<wp:post_id>17</wp:post_id>
		<wp:post_date><![CDATA[2021-04-30 06:06:03]]></wp:post_date>
		<wp:post_date_gmt><![CDATA[2021-04-30 06:06:03]]></wp:post_date_gmt>
		<wp:comment_status><![CDATA[closed]]></wp:comment_status>
		<wp:ping_status><![CDATA[closed]]></wp:ping_status>
		<wp:post_name><![CDATA[elements-page]]></wp:post_name>
		<wp:status><![CDATA[publish]]></wp:status>
		<wp:post_parent>0</wp:post_parent>
		<wp:menu_order>0</wp:menu_order>
		<wp:post_type><![CDATA[page]]></wp:post_type>
		<wp:post_password><![CDATA[]]></wp:post_password>
		<wp:is_sticky>0</wp:is_sticky>
														<wp:postmeta>
		<wp:meta_key><![CDATA[_wp_page_template]]></wp:meta_key>
		<wp:meta_value><![CDATA[page-templates/template-shortcodes.php]]></wp:meta_value>
		</wp:postmeta>
							</item>
					<item>
		<title>Blog Posts</title>
		<link>http://localhost/ubedullah/Wordpress/industries/index.php/blog-posts/</link>
		<pubDate>Fri, 30 Apr 2021 06:07:32 +0000</pubDate>
		<dc:creator><![CDATA[W3Layouts]]></dc:creator>
		<guid isPermaLink="false">http://localhost/ubedullah/Wordpress/industries/?page_id=19</guid>
		<description></description>
		<content:encoded><![CDATA[]]></content:encoded>
		<excerpt:encoded><![CDATA[]]></excerpt:encoded>
		<wp:post_id>19</wp:post_id>
		<wp:post_date><![CDATA[2021-04-30 06:07:32]]></wp:post_date>
		<wp:post_date_gmt><![CDATA[2021-04-30 06:07:32]]></wp:post_date_gmt>
		<wp:comment_status><![CDATA[closed]]></wp:comment_status>
		<wp:ping_status><![CDATA[closed]]></wp:ping_status>
		<wp:post_name><![CDATA[blog-posts]]></wp:post_name>
		<wp:status><![CDATA[publish]]></wp:status>
		<wp:post_parent>0</wp:post_parent>
		<wp:menu_order>0</wp:menu_order>
		<wp:post_type><![CDATA[page]]></wp:post_type>
		<wp:post_password><![CDATA[]]></wp:post_password>
		<wp:is_sticky>0</wp:is_sticky>
														<wp:postmeta>
		<wp:meta_key><![CDATA[_customize_changeset_uuid]]></wp:meta_key>
		<wp:meta_value><![CDATA[59c0a8d0-5373-4588-91d0-11ee76cbb764]]></wp:meta_value>
		</wp:postmeta>
							</item>
					<item>
		<title>Pages</title>
		<link>http://localhost/ubedullah/Wordpress/industries/index.php/pages/</link>
		<pubDate>Fri, 30 Apr 2021 06:07:32 +0000</pubDate>
		<dc:creator><![CDATA[W3Layouts]]></dc:creator>
		<guid isPermaLink="false">http://localhost/ubedullah/Wordpress/industries/?page_id=20</guid>
		<description></description>
		<content:encoded><![CDATA[]]></content:encoded>
		<excerpt:encoded><![CDATA[]]></excerpt:encoded>
		<wp:post_id>20</wp:post_id>
		<wp:post_date><![CDATA[2021-04-30 06:07:32]]></wp:post_date>
		<wp:post_date_gmt><![CDATA[2021-04-30 06:07:32]]></wp:post_date_gmt>
		<wp:comment_status><![CDATA[closed]]></wp:comment_status>
		<wp:ping_status><![CDATA[closed]]></wp:ping_status>
		<wp:post_name><![CDATA[pages]]></wp:post_name>
		<wp:status><![CDATA[publish]]></wp:status>
		<wp:post_parent>0</wp:post_parent>
		<wp:menu_order>0</wp:menu_order>
		<wp:post_type><![CDATA[page]]></wp:post_type>
		<wp:post_password><![CDATA[]]></wp:post_password>
		<wp:is_sticky>0</wp:is_sticky>
														<wp:postmeta>
		<wp:meta_key><![CDATA[_customize_changeset_uuid]]></wp:meta_key>
		<wp:meta_value><![CDATA[59c0a8d0-5373-4588-91d0-11ee76cbb764]]></wp:meta_value>
		</wp:postmeta>
							</item>
					<item>
		<title>Home</title>
		<link>http://localhost/ubedullah/Wordpress/industries/index.php/2021/04/30/home/</link>
		<pubDate>Fri, 30 Apr 2021 06:07:33 +0000</pubDate>
		<dc:creator><![CDATA[W3Layouts]]></dc:creator>
		<guid isPermaLink="false">http://localhost/ubedullah/Wordpress/industries/index.php/2021/04/30/home/</guid>
		<description></description>
		<content:encoded><![CDATA[]]></content:encoded>
		<excerpt:encoded><![CDATA[]]></excerpt:encoded>
		<wp:post_id>24</wp:post_id>
		<wp:post_date><![CDATA[2021-04-30 06:07:33]]></wp:post_date>
		<wp:post_date_gmt><![CDATA[2021-04-30 06:07:33]]></wp:post_date_gmt>
		<wp:comment_status><![CDATA[closed]]></wp:comment_status>
		<wp:ping_status><![CDATA[closed]]></wp:ping_status>
		<wp:post_name><![CDATA[home]]></wp:post_name>
		<wp:status><![CDATA[publish]]></wp:status>
		<wp:post_parent>0</wp:post_parent>
		<wp:menu_order>1</wp:menu_order>
		<wp:post_type><![CDATA[nav_menu_item]]></wp:post_type>
		<wp:post_password><![CDATA[]]></wp:post_password>
		<wp:is_sticky>0</wp:is_sticky>
										<category domain="nav_menu" nicename="header-menu"><![CDATA[Header Menu]]></category>
						<wp:postmeta>
		<wp:meta_key><![CDATA[_menu_item_type]]></wp:meta_key>
		<wp:meta_value><![CDATA[post_type]]></wp:meta_value>
		</wp:postmeta>
							<wp:postmeta>
		<wp:meta_key><![CDATA[_menu_item_menu_item_parent]]></wp:meta_key>
		<wp:meta_value><![CDATA[0]]></wp:meta_value>
		</wp:postmeta>
							<wp:postmeta>
		<wp:meta_key><![CDATA[_menu_item_object_id]]></wp:meta_key>
		<wp:meta_value><![CDATA[5]]></wp:meta_value>
		</wp:postmeta>
							<wp:postmeta>
		<wp:meta_key><![CDATA[_menu_item_object]]></wp:meta_key>
		<wp:meta_value><![CDATA[page]]></wp:meta_value>
		</wp:postmeta>
							<wp:postmeta>
		<wp:meta_key><![CDATA[_menu_item_target]]></wp:meta_key>
		<wp:meta_value><![CDATA[]]></wp:meta_value>
		</wp:postmeta>
							<wp:postmeta>
		<wp:meta_key><![CDATA[_menu_item_classes]]></wp:meta_key>
		<wp:meta_value><![CDATA[a:1:{i:0;s:0:"";}]]></wp:meta_value>
		</wp:postmeta>
							<wp:postmeta>
		<wp:meta_key><![CDATA[_menu_item_xfn]]></wp:meta_key>
		<wp:meta_value><![CDATA[]]></wp:meta_value>
		</wp:postmeta>
							<wp:postmeta>
		<wp:meta_key><![CDATA[_menu_item_url]]></wp:meta_key>
		<wp:meta_value><![CDATA[]]></wp:meta_value>
		</wp:postmeta>
							</item>
					<item>
		<title>About</title>
		<link>http://localhost/ubedullah/Wordpress/industries/index.php/2021/04/30/about/</link>
		<pubDate>Fri, 30 Apr 2021 06:07:34 +0000</pubDate>
		<dc:creator><![CDATA[W3Layouts]]></dc:creator>
		<guid isPermaLink="false">http://localhost/ubedullah/Wordpress/industries/index.php/2021/04/30/about/</guid>
		<description></description>
		<content:encoded><![CDATA[]]></content:encoded>
		<excerpt:encoded><![CDATA[]]></excerpt:encoded>
		<wp:post_id>25</wp:post_id>
		<wp:post_date><![CDATA[2021-04-30 06:07:34]]></wp:post_date>
		<wp:post_date_gmt><![CDATA[2021-04-30 06:07:34]]></wp:post_date_gmt>
		<wp:comment_status><![CDATA[closed]]></wp:comment_status>
		<wp:ping_status><![CDATA[closed]]></wp:ping_status>
		<wp:post_name><![CDATA[about]]></wp:post_name>
		<wp:status><![CDATA[publish]]></wp:status>
		<wp:post_parent>0</wp:post_parent>
		<wp:menu_order>2</wp:menu_order>
		<wp:post_type><![CDATA[nav_menu_item]]></wp:post_type>
		<wp:post_password><![CDATA[]]></wp:post_password>
		<wp:is_sticky>0</wp:is_sticky>
										<category domain="nav_menu" nicename="header-menu"><![CDATA[Header Menu]]></category>
						<wp:postmeta>
		<wp:meta_key><![CDATA[_menu_item_type]]></wp:meta_key>
		<wp:meta_value><![CDATA[post_type]]></wp:meta_value>
		</wp:postmeta>
							<wp:postmeta>
		<wp:meta_key><![CDATA[_menu_item_menu_item_parent]]></wp:meta_key>
		<wp:meta_value><![CDATA[0]]></wp:meta_value>
		</wp:postmeta>
							<wp:postmeta>
		<wp:meta_key><![CDATA[_menu_item_object_id]]></wp:meta_key>
		<wp:meta_value><![CDATA[7]]></wp:meta_value>
		</wp:postmeta>
							<wp:postmeta>
		<wp:meta_key><![CDATA[_menu_item_object]]></wp:meta_key>
		<wp:meta_value><![CDATA[page]]></wp:meta_value>
		</wp:postmeta>
							<wp:postmeta>
		<wp:meta_key><![CDATA[_menu_item_target]]></wp:meta_key>
		<wp:meta_value><![CDATA[]]></wp:meta_value>
		</wp:postmeta>
							<wp:postmeta>
		<wp:meta_key><![CDATA[_menu_item_classes]]></wp:meta_key>
		<wp:meta_value><![CDATA[a:1:{i:0;s:0:"";}]]></wp:meta_value>
		</wp:postmeta>
							<wp:postmeta>
		<wp:meta_key><![CDATA[_menu_item_xfn]]></wp:meta_key>
		<wp:meta_value><![CDATA[]]></wp:meta_value>
		</wp:postmeta>
							<wp:postmeta>
		<wp:meta_key><![CDATA[_menu_item_url]]></wp:meta_key>
		<wp:meta_value><![CDATA[]]></wp:meta_value>
		</wp:postmeta>
							</item>
					<item>
		<title>Services</title>
		<link>http://localhost/ubedullah/Wordpress/industries/index.php/2021/04/30/services/</link>
		<pubDate>Fri, 30 Apr 2021 06:07:35 +0000</pubDate>
		<dc:creator><![CDATA[W3Layouts]]></dc:creator>
		<guid isPermaLink="false">http://localhost/ubedullah/Wordpress/industries/index.php/2021/04/30/services/</guid>
		<description></description>
		<content:encoded><![CDATA[]]></content:encoded>
		<excerpt:encoded><![CDATA[]]></excerpt:encoded>
		<wp:post_id>26</wp:post_id>
		<wp:post_date><![CDATA[2021-04-30 06:07:35]]></wp:post_date>
		<wp:post_date_gmt><![CDATA[2021-04-30 06:07:35]]></wp:post_date_gmt>
		<wp:comment_status><![CDATA[closed]]></wp:comment_status>
		<wp:ping_status><![CDATA[closed]]></wp:ping_status>
		<wp:post_name><![CDATA[services]]></wp:post_name>
		<wp:status><![CDATA[publish]]></wp:status>
		<wp:post_parent>0</wp:post_parent>
		<wp:menu_order>3</wp:menu_order>
		<wp:post_type><![CDATA[nav_menu_item]]></wp:post_type>
		<wp:post_password><![CDATA[]]></wp:post_password>
		<wp:is_sticky>0</wp:is_sticky>
										<category domain="nav_menu" nicename="header-menu"><![CDATA[Header Menu]]></category>
						<wp:postmeta>
		<wp:meta_key><![CDATA[_menu_item_type]]></wp:meta_key>
		<wp:meta_value><![CDATA[post_type]]></wp:meta_value>
		</wp:postmeta>
							<wp:postmeta>
		<wp:meta_key><![CDATA[_menu_item_menu_item_parent]]></wp:meta_key>
		<wp:meta_value><![CDATA[0]]></wp:meta_value>
		</wp:postmeta>
							<wp:postmeta>
		<wp:meta_key><![CDATA[_menu_item_object_id]]></wp:meta_key>
		<wp:meta_value><![CDATA[9]]></wp:meta_value>
		</wp:postmeta>
							<wp:postmeta>
		<wp:meta_key><![CDATA[_menu_item_object]]></wp:meta_key>
		<wp:meta_value><![CDATA[page]]></wp:meta_value>
		</wp:postmeta>
							<wp:postmeta>
		<wp:meta_key><![CDATA[_menu_item_target]]></wp:meta_key>
		<wp:meta_value><![CDATA[]]></wp:meta_value>
		</wp:postmeta>
							<wp:postmeta>
		<wp:meta_key><![CDATA[_menu_item_classes]]></wp:meta_key>
		<wp:meta_value><![CDATA[a:1:{i:0;s:0:"";}]]></wp:meta_value>
		</wp:postmeta>
							<wp:postmeta>
		<wp:meta_key><![CDATA[_menu_item_xfn]]></wp:meta_key>
		<wp:meta_value><![CDATA[]]></wp:meta_value>
		</wp:postmeta>
							<wp:postmeta>
		<wp:meta_key><![CDATA[_menu_item_url]]></wp:meta_key>
		<wp:meta_value><![CDATA[]]></wp:meta_value>
		</wp:postmeta>
							</item>
					<item>
		<title>Contact</title>
		<link>http://localhost/ubedullah/Wordpress/industries/index.php/2021/04/30/contact/</link>
		<pubDate>Fri, 30 Apr 2021 06:07:36 +0000</pubDate>
		<dc:creator><![CDATA[W3Layouts]]></dc:creator>
		<guid isPermaLink="false">http://localhost/ubedullah/Wordpress/industries/index.php/2021/04/30/contact/</guid>
		<description></description>
		<content:encoded><![CDATA[]]></content:encoded>
		<excerpt:encoded><![CDATA[]]></excerpt:encoded>
		<wp:post_id>27</wp:post_id>
		<wp:post_date><![CDATA[2021-04-30 06:07:36]]></wp:post_date>
		<wp:post_date_gmt><![CDATA[2021-04-30 06:07:36]]></wp:post_date_gmt>
		<wp:comment_status><![CDATA[closed]]></wp:comment_status>
		<wp:ping_status><![CDATA[closed]]></wp:ping_status>
		<wp:post_name><![CDATA[contact]]></wp:post_name>
		<wp:status><![CDATA[publish]]></wp:status>
		<wp:post_parent>0</wp:post_parent>
		<wp:menu_order>9</wp:menu_order>
		<wp:post_type><![CDATA[nav_menu_item]]></wp:post_type>
		<wp:post_password><![CDATA[]]></wp:post_password>
		<wp:is_sticky>0</wp:is_sticky>
										<category domain="nav_menu" nicename="header-menu"><![CDATA[Header Menu]]></category>
						<wp:postmeta>
		<wp:meta_key><![CDATA[_menu_item_type]]></wp:meta_key>
		<wp:meta_value><![CDATA[post_type]]></wp:meta_value>
		</wp:postmeta>
							<wp:postmeta>
		<wp:meta_key><![CDATA[_menu_item_menu_item_parent]]></wp:meta_key>
		<wp:meta_value><![CDATA[0]]></wp:meta_value>
		</wp:postmeta>
							<wp:postmeta>
		<wp:meta_key><![CDATA[_menu_item_object_id]]></wp:meta_key>
		<wp:meta_value><![CDATA[11]]></wp:meta_value>
		</wp:postmeta>
							<wp:postmeta>
		<wp:meta_key><![CDATA[_menu_item_object]]></wp:meta_key>
		<wp:meta_value><![CDATA[page]]></wp:meta_value>
		</wp:postmeta>
							<wp:postmeta>
		<wp:meta_key><![CDATA[_menu_item_target]]></wp:meta_key>
		<wp:meta_value><![CDATA[]]></wp:meta_value>
		</wp:postmeta>
							<wp:postmeta>
		<wp:meta_key><![CDATA[_menu_item_classes]]></wp:meta_key>
		<wp:meta_value><![CDATA[a:1:{i:0;s:0:"";}]]></wp:meta_value>
		</wp:postmeta>
							<wp:postmeta>
		<wp:meta_key><![CDATA[_menu_item_xfn]]></wp:meta_key>
		<wp:meta_value><![CDATA[]]></wp:meta_value>
		</wp:postmeta>
							<wp:postmeta>
		<wp:meta_key><![CDATA[_menu_item_url]]></wp:meta_key>
		<wp:meta_value><![CDATA[]]></wp:meta_value>
		</wp:postmeta>
							</item>
					<item>
		<title></title>
		<link>http://localhost/ubedullah/Wordpress/industries/index.php/2021/04/30/28/</link>
		<pubDate>Fri, 30 Apr 2021 06:07:37 +0000</pubDate>
		<dc:creator><![CDATA[W3Layouts]]></dc:creator>
		<guid isPermaLink="false">http://localhost/ubedullah/Wordpress/industries/index.php/2021/04/30/28/</guid>
		<description></description>
		<content:encoded><![CDATA[ ]]></content:encoded>
		<excerpt:encoded><![CDATA[]]></excerpt:encoded>
		<wp:post_id>28</wp:post_id>
		<wp:post_date><![CDATA[2021-04-30 06:07:37]]></wp:post_date>
		<wp:post_date_gmt><![CDATA[2021-04-30 06:07:37]]></wp:post_date_gmt>
		<wp:comment_status><![CDATA[closed]]></wp:comment_status>
		<wp:ping_status><![CDATA[closed]]></wp:ping_status>
		<wp:post_name><![CDATA[28]]></wp:post_name>
		<wp:status><![CDATA[publish]]></wp:status>
		<wp:post_parent>0</wp:post_parent>
		<wp:menu_order>4</wp:menu_order>
		<wp:post_type><![CDATA[nav_menu_item]]></wp:post_type>
		<wp:post_password><![CDATA[]]></wp:post_password>
		<wp:is_sticky>0</wp:is_sticky>
										<category domain="nav_menu" nicename="header-menu"><![CDATA[Header Menu]]></category>
						<wp:postmeta>
		<wp:meta_key><![CDATA[_menu_item_type]]></wp:meta_key>
		<wp:meta_value><![CDATA[post_type]]></wp:meta_value>
		</wp:postmeta>
							<wp:postmeta>
		<wp:meta_key><![CDATA[_menu_item_menu_item_parent]]></wp:meta_key>
		<wp:meta_value><![CDATA[0]]></wp:meta_value>
		</wp:postmeta>
							<wp:postmeta>
		<wp:meta_key><![CDATA[_menu_item_object_id]]></wp:meta_key>
		<wp:meta_value><![CDATA[20]]></wp:meta_value>
		</wp:postmeta>
							<wp:postmeta>
		<wp:meta_key><![CDATA[_menu_item_object]]></wp:meta_key>
		<wp:meta_value><![CDATA[page]]></wp:meta_value>
		</wp:postmeta>
							<wp:postmeta>
		<wp:meta_key><![CDATA[_menu_item_target]]></wp:meta_key>
		<wp:meta_value><![CDATA[]]></wp:meta_value>
		</wp:postmeta>
							<wp:postmeta>
		<wp:meta_key><![CDATA[_menu_item_classes]]></wp:meta_key>
		<wp:meta_value><![CDATA[a:1:{i:0;s:0:"";}]]></wp:meta_value>
		</wp:postmeta>
							<wp:postmeta>
		<wp:meta_key><![CDATA[_menu_item_xfn]]></wp:meta_key>
		<wp:meta_value><![CDATA[]]></wp:meta_value>
		</wp:postmeta>
							<wp:postmeta>
		<wp:meta_key><![CDATA[_menu_item_url]]></wp:meta_key>
		<wp:meta_value><![CDATA[]]></wp:meta_value>
		</wp:postmeta>
							</item>
					<item>
		<title></title>
		<link>http://localhost/ubedullah/Wordpress/industries/index.php/2021/04/30/29/</link>
		<pubDate>Fri, 30 Apr 2021 06:07:38 +0000</pubDate>
		<dc:creator><![CDATA[W3Layouts]]></dc:creator>
		<guid isPermaLink="false">http://localhost/ubedullah/Wordpress/industries/index.php/2021/04/30/29/</guid>
		<description></description>
		<content:encoded><![CDATA[ ]]></content:encoded>
		<excerpt:encoded><![CDATA[]]></excerpt:encoded>
		<wp:post_id>29</wp:post_id>
		<wp:post_date><![CDATA[2021-04-30 06:07:38]]></wp:post_date>
		<wp:post_date_gmt><![CDATA[2021-04-30 06:07:38]]></wp:post_date_gmt>
		<wp:comment_status><![CDATA[closed]]></wp:comment_status>
		<wp:ping_status><![CDATA[closed]]></wp:ping_status>
		<wp:post_name><![CDATA[29]]></wp:post_name>
		<wp:status><![CDATA[publish]]></wp:status>
		<wp:post_parent>0</wp:post_parent>
		<wp:menu_order>6</wp:menu_order>
		<wp:post_type><![CDATA[nav_menu_item]]></wp:post_type>
		<wp:post_password><![CDATA[]]></wp:post_password>
		<wp:is_sticky>0</wp:is_sticky>
										<category domain="nav_menu" nicename="header-menu"><![CDATA[Header Menu]]></category>
						<wp:postmeta>
		<wp:meta_key><![CDATA[_menu_item_type]]></wp:meta_key>
		<wp:meta_value><![CDATA[post_type]]></wp:meta_value>
		</wp:postmeta>
							<wp:postmeta>
		<wp:meta_key><![CDATA[_menu_item_menu_item_parent]]></wp:meta_key>
		<wp:meta_value><![CDATA[28]]></wp:meta_value>
		</wp:postmeta>
							<wp:postmeta>
		<wp:meta_key><![CDATA[_menu_item_object_id]]></wp:meta_key>
		<wp:meta_value><![CDATA[13]]></wp:meta_value>
		</wp:postmeta>
							<wp:postmeta>
		<wp:meta_key><![CDATA[_menu_item_object]]></wp:meta_key>
		<wp:meta_value><![CDATA[page]]></wp:meta_value>
		</wp:postmeta>
							<wp:postmeta>
		<wp:meta_key><![CDATA[_menu_item_target]]></wp:meta_key>
		<wp:meta_value><![CDATA[]]></wp:meta_value>
		</wp:postmeta>
							<wp:postmeta>
		<wp:meta_key><![CDATA[_menu_item_classes]]></wp:meta_key>
		<wp:meta_value><![CDATA[a:1:{i:0;s:0:"";}]]></wp:meta_value>
		</wp:postmeta>
							<wp:postmeta>
		<wp:meta_key><![CDATA[_menu_item_xfn]]></wp:meta_key>
		<wp:meta_value><![CDATA[]]></wp:meta_value>
		</wp:postmeta>
							<wp:postmeta>
		<wp:meta_key><![CDATA[_menu_item_url]]></wp:meta_key>
		<wp:meta_value><![CDATA[]]></wp:meta_value>
		</wp:postmeta>
							</item>
					<item>
		<title>Landing page</title>
		<link>http://localhost/ubedullah/Wordpress/industries/index.php/2021/04/30/landing-page/</link>
		<pubDate>Fri, 30 Apr 2021 06:07:39 +0000</pubDate>
		<dc:creator><![CDATA[W3Layouts]]></dc:creator>
		<guid isPermaLink="false">http://localhost/ubedullah/Wordpress/industries/index.php/2021/04/30/landing-page/</guid>
		<description></description>
		<content:encoded><![CDATA[]]></content:encoded>
		<excerpt:encoded><![CDATA[]]></excerpt:encoded>
		<wp:post_id>30</wp:post_id>
		<wp:post_date><![CDATA[2021-04-30 06:07:39]]></wp:post_date>
		<wp:post_date_gmt><![CDATA[2021-04-30 06:07:39]]></wp:post_date_gmt>
		<wp:comment_status><![CDATA[closed]]></wp:comment_status>
		<wp:ping_status><![CDATA[closed]]></wp:ping_status>
		<wp:post_name><![CDATA[landing-page]]></wp:post_name>
		<wp:status><![CDATA[publish]]></wp:status>
		<wp:post_parent>0</wp:post_parent>
		<wp:menu_order>7</wp:menu_order>
		<wp:post_type><![CDATA[nav_menu_item]]></wp:post_type>
		<wp:post_password><![CDATA[]]></wp:post_password>
		<wp:is_sticky>0</wp:is_sticky>
										<category domain="nav_menu" nicename="header-menu"><![CDATA[Header Menu]]></category>
						<wp:postmeta>
		<wp:meta_key><![CDATA[_menu_item_type]]></wp:meta_key>
		<wp:meta_value><![CDATA[post_type]]></wp:meta_value>
		</wp:postmeta>
							<wp:postmeta>
		<wp:meta_key><![CDATA[_menu_item_menu_item_parent]]></wp:meta_key>
		<wp:meta_value><![CDATA[28]]></wp:meta_value>
		</wp:postmeta>
							<wp:postmeta>
		<wp:meta_key><![CDATA[_menu_item_object_id]]></wp:meta_key>
		<wp:meta_value><![CDATA[15]]></wp:meta_value>
		</wp:postmeta>
							<wp:postmeta>
		<wp:meta_key><![CDATA[_menu_item_object]]></wp:meta_key>
		<wp:meta_value><![CDATA[page]]></wp:meta_value>
		</wp:postmeta>
							<wp:postmeta>
		<wp:meta_key><![CDATA[_menu_item_target]]></wp:meta_key>
		<wp:meta_value><![CDATA[]]></wp:meta_value>
		</wp:postmeta>
							<wp:postmeta>
		<wp:meta_key><![CDATA[_menu_item_classes]]></wp:meta_key>
		<wp:meta_value><![CDATA[a:1:{i:0;s:0:"";}]]></wp:meta_value>
		</wp:postmeta>
							<wp:postmeta>
		<wp:meta_key><![CDATA[_menu_item_xfn]]></wp:meta_key>
		<wp:meta_value><![CDATA[]]></wp:meta_value>
		</wp:postmeta>
							<wp:postmeta>
		<wp:meta_key><![CDATA[_menu_item_url]]></wp:meta_key>
		<wp:meta_value><![CDATA[]]></wp:meta_value>
		</wp:postmeta>
							</item>
					<item>
		<title></title>
		<link>http://localhost/ubedullah/Wordpress/industries/index.php/2021/04/30/31/</link>
		<pubDate>Fri, 30 Apr 2021 06:07:40 +0000</pubDate>
		<dc:creator><![CDATA[W3Layouts]]></dc:creator>
		<guid isPermaLink="false">http://localhost/ubedullah/Wordpress/industries/index.php/2021/04/30/31/</guid>
		<description></description>
		<content:encoded><![CDATA[ ]]></content:encoded>
		<excerpt:encoded><![CDATA[]]></excerpt:encoded>
		<wp:post_id>31</wp:post_id>
		<wp:post_date><![CDATA[2021-04-30 06:07:40]]></wp:post_date>
		<wp:post_date_gmt><![CDATA[2021-04-30 06:07:40]]></wp:post_date_gmt>
		<wp:comment_status><![CDATA[closed]]></wp:comment_status>
		<wp:ping_status><![CDATA[closed]]></wp:ping_status>
		<wp:post_name><![CDATA[31]]></wp:post_name>
		<wp:status><![CDATA[publish]]></wp:status>
		<wp:post_parent>0</wp:post_parent>
		<wp:menu_order>8</wp:menu_order>
		<wp:post_type><![CDATA[nav_menu_item]]></wp:post_type>
		<wp:post_password><![CDATA[]]></wp:post_password>
		<wp:is_sticky>0</wp:is_sticky>
										<category domain="nav_menu" nicename="header-menu"><![CDATA[Header Menu]]></category>
						<wp:postmeta>
		<wp:meta_key><![CDATA[_menu_item_type]]></wp:meta_key>
		<wp:meta_value><![CDATA[post_type]]></wp:meta_value>
		</wp:postmeta>
							<wp:postmeta>
		<wp:meta_key><![CDATA[_menu_item_menu_item_parent]]></wp:meta_key>
		<wp:meta_value><![CDATA[28]]></wp:meta_value>
		</wp:postmeta>
							<wp:postmeta>
		<wp:meta_key><![CDATA[_menu_item_object_id]]></wp:meta_key>
		<wp:meta_value><![CDATA[17]]></wp:meta_value>
		</wp:postmeta>
							<wp:postmeta>
		<wp:meta_key><![CDATA[_menu_item_object]]></wp:meta_key>
		<wp:meta_value><![CDATA[page]]></wp:meta_value>
		</wp:postmeta>
							<wp:postmeta>
		<wp:meta_key><![CDATA[_menu_item_target]]></wp:meta_key>
		<wp:meta_value><![CDATA[]]></wp:meta_value>
		</wp:postmeta>
							<wp:postmeta>
		<wp:meta_key><![CDATA[_menu_item_classes]]></wp:meta_key>
		<wp:meta_value><![CDATA[a:1:{i:0;s:0:"";}]]></wp:meta_value>
		</wp:postmeta>
							<wp:postmeta>
		<wp:meta_key><![CDATA[_menu_item_xfn]]></wp:meta_key>
		<wp:meta_value><![CDATA[]]></wp:meta_value>
		</wp:postmeta>
							<wp:postmeta>
		<wp:meta_key><![CDATA[_menu_item_url]]></wp:meta_key>
		<wp:meta_value><![CDATA[]]></wp:meta_value>
		</wp:postmeta>
							</item>
					<item>
		<title></title>
		<link>http://localhost/ubedullah/Wordpress/industries/index.php/2021/04/30/32/</link>
		<pubDate>Fri, 30 Apr 2021 06:07:40 +0000</pubDate>
		<dc:creator><![CDATA[W3Layouts]]></dc:creator>
		<guid isPermaLink="false">http://localhost/ubedullah/Wordpress/industries/index.php/2021/04/30/32/</guid>
		<description></description>
		<content:encoded><![CDATA[ ]]></content:encoded>
		<excerpt:encoded><![CDATA[]]></excerpt:encoded>
		<wp:post_id>32</wp:post_id>
		<wp:post_date><![CDATA[2021-04-30 06:07:40]]></wp:post_date>
		<wp:post_date_gmt><![CDATA[2021-04-30 06:07:40]]></wp:post_date_gmt>
		<wp:comment_status><![CDATA[closed]]></wp:comment_status>
		<wp:ping_status><![CDATA[closed]]></wp:ping_status>
		<wp:post_name><![CDATA[32]]></wp:post_name>
		<wp:status><![CDATA[publish]]></wp:status>
		<wp:post_parent>0</wp:post_parent>
		<wp:menu_order>5</wp:menu_order>
		<wp:post_type><![CDATA[nav_menu_item]]></wp:post_type>
		<wp:post_password><![CDATA[]]></wp:post_password>
		<wp:is_sticky>0</wp:is_sticky>
										<category domain="nav_menu" nicename="header-menu"><![CDATA[Header Menu]]></category>
						<wp:postmeta>
		<wp:meta_key><![CDATA[_menu_item_type]]></wp:meta_key>
		<wp:meta_value><![CDATA[post_type]]></wp:meta_value>
		</wp:postmeta>
							<wp:postmeta>
		<wp:meta_key><![CDATA[_menu_item_menu_item_parent]]></wp:meta_key>
		<wp:meta_value><![CDATA[28]]></wp:meta_value>
		</wp:postmeta>
							<wp:postmeta>
		<wp:meta_key><![CDATA[_menu_item_object_id]]></wp:meta_key>
		<wp:meta_value><![CDATA[19]]></wp:meta_value>
		</wp:postmeta>
							<wp:postmeta>
		<wp:meta_key><![CDATA[_menu_item_object]]></wp:meta_key>
		<wp:meta_value><![CDATA[page]]></wp:meta_value>
		</wp:postmeta>
							<wp:postmeta>
		<wp:meta_key><![CDATA[_menu_item_target]]></wp:meta_key>
		<wp:meta_value><![CDATA[]]></wp:meta_value>
		</wp:postmeta>
							<wp:postmeta>
		<wp:meta_key><![CDATA[_menu_item_classes]]></wp:meta_key>
		<wp:meta_value><![CDATA[a:1:{i:0;s:0:"";}]]></wp:meta_value>
		</wp:postmeta>
							<wp:postmeta>
		<wp:meta_key><![CDATA[_menu_item_xfn]]></wp:meta_key>
		<wp:meta_value><![CDATA[]]></wp:meta_value>
		</wp:postmeta>
							<wp:postmeta>
		<wp:meta_key><![CDATA[_menu_item_url]]></wp:meta_key>
		<wp:meta_value><![CDATA[]]></wp:meta_value>
		</wp:postmeta>
							</item>
					<item>
		<title>Hello world!</title>
		<link>http://localhost/ubedullah/Wordpress/industries/index.php/2021/04/29/hello-world/</link>
		<pubDate>Thu, 29 Apr 2021 11:21:36 +0000</pubDate>
		<dc:creator><![CDATA[W3Layouts]]></dc:creator>
		<guid isPermaLink="false">http://localhost/ubedullah/Wordpress/industries/?p=1</guid>
		<description></description>
		<content:encoded><![CDATA[<!-- wp:paragraph -->
<p>Welcome to WordPress. This is your first post. Edit or delete it, then start writing!</p>
<!-- /wp:paragraph -->]]></content:encoded>
		<excerpt:encoded><![CDATA[]]></excerpt:encoded>
		<wp:post_id>1</wp:post_id>
		<wp:post_date><![CDATA[2021-04-29 11:21:36]]></wp:post_date>
		<wp:post_date_gmt><![CDATA[2021-04-29 11:21:36]]></wp:post_date_gmt>
		<wp:comment_status><![CDATA[open]]></wp:comment_status>
		<wp:ping_status><![CDATA[open]]></wp:ping_status>
		<wp:post_name><![CDATA[hello-world]]></wp:post_name>
		<wp:status><![CDATA[publish]]></wp:status>
		<wp:post_parent>0</wp:post_parent>
		<wp:menu_order>0</wp:menu_order>
		<wp:post_type><![CDATA[post]]></wp:post_type>
		<wp:post_password><![CDATA[]]></wp:post_password>
		<wp:is_sticky>0</wp:is_sticky>
										<category domain="category" nicename="uncategorized"><![CDATA[Uncategorized]]></category>
						<wp:comment>
			<wp:comment_id>1</wp:comment_id>
			<wp:comment_author><![CDATA[A WordPress Commenter]]></wp:comment_author>
			<wp:comment_author_email><![CDATA[wapuu@wordpress.example]]></wp:comment_author_email>
			<wp:comment_author_url>https://wordpress.org/</wp:comment_author_url>
			<wp:comment_author_IP><![CDATA[]]></wp:comment_author_IP>
			<wp:comment_date><![CDATA[2021-04-29 11:21:36]]></wp:comment_date>
			<wp:comment_date_gmt><![CDATA[2021-04-29 11:21:36]]></wp:comment_date_gmt>
			<wp:comment_content><![CDATA[Hi, this is a comment.
To get started with moderating, editing, and deleting comments, please visit the Comments screen in the dashboard.
Commenter avatars come from <a href="https://gravatar.com">Gravatar</a>.]]></wp:comment_content>
			<wp:comment_approved><![CDATA[1]]></wp:comment_approved>
			<wp:comment_type><![CDATA[]]></wp:comment_type>
			<wp:comment_parent>0</wp:comment_parent>
			<wp:comment_user_id>0</wp:comment_user_id>
							</wp:comment>
					</item>
					<item>
		<title>Nemo enim ipsam oluptatem quia sit aspernatur</title>
		<link>http://localhost/ubedullah/Wordpress/industries/index.php/2021/04/30/nemo-enim-ipsam-oluptatem-quia-sit-aspernatur/</link>
		<pubDate>Fri, 30 Apr 2021 06:51:30 +0000</pubDate>
		<dc:creator><![CDATA[W3Layouts]]></dc:creator>
		<guid isPermaLink="false">http://localhost/ubedullah/Wordpress/industries/?p=33</guid>
		<description></description>
		<content:encoded><![CDATA[]]></content:encoded>
		<excerpt:encoded><![CDATA[]]></excerpt:encoded>
		<wp:post_id>33</wp:post_id>
		<wp:post_date><![CDATA[2021-04-30 06:51:30]]></wp:post_date>
		<wp:post_date_gmt><![CDATA[2021-04-30 06:51:30]]></wp:post_date_gmt>
		<wp:comment_status><![CDATA[open]]></wp:comment_status>
		<wp:ping_status><![CDATA[open]]></wp:ping_status>
		<wp:post_name><![CDATA[nemo-enim-ipsam-oluptatem-quia-sit-aspernatur]]></wp:post_name>
		<wp:status><![CDATA[publish]]></wp:status>
		<wp:post_parent>0</wp:post_parent>
		<wp:menu_order>0</wp:menu_order>
		<wp:post_type><![CDATA[post]]></wp:post_type>
		<wp:post_password><![CDATA[]]></wp:post_password>
		<wp:is_sticky>0</wp:is_sticky>
										<category domain="category" nicename="industry"><![CDATA[Industry]]></category>
						</item>
					<item>
		<title>Quis autem el eum iure repeh qui in ea oluptate</title>
		<link>http://localhost/ubedullah/Wordpress/industries/index.php/2021/04/30/quis-autem-el-eum-iure-repeh-qui-in-ea-oluptate/</link>
		<pubDate>Fri, 30 Apr 2021 06:51:54 +0000</pubDate>
		<dc:creator><![CDATA[W3Layouts]]></dc:creator>
		<guid isPermaLink="false">http://localhost/ubedullah/Wordpress/industries/?p=35</guid>
		<description></description>
		<content:encoded><![CDATA[]]></content:encoded>
		<excerpt:encoded><![CDATA[]]></excerpt:encoded>
		<wp:post_id>35</wp:post_id>
		<wp:post_date><![CDATA[2021-04-30 06:51:54]]></wp:post_date>
		<wp:post_date_gmt><![CDATA[2021-04-30 06:51:54]]></wp:post_date_gmt>
		<wp:comment_status><![CDATA[open]]></wp:comment_status>
		<wp:ping_status><![CDATA[open]]></wp:ping_status>
		<wp:post_name><![CDATA[quis-autem-el-eum-iure-repeh-qui-in-ea-oluptate]]></wp:post_name>
		<wp:status><![CDATA[publish]]></wp:status>
		<wp:post_parent>0</wp:post_parent>
		<wp:menu_order>0</wp:menu_order>
		<wp:post_type><![CDATA[post]]></wp:post_type>
		<wp:post_password><![CDATA[]]></wp:post_password>
		<wp:is_sticky>0</wp:is_sticky>
										<category domain="category" nicename="business"><![CDATA[Business]]></category>
						</item>
					<item>
		<title>Ullam corporis suscipit laboriosam, nisi ut aliquid</title>
		<link>http://localhost/ubedullah/Wordpress/industries/index.php/2021/04/30/ullam-corporis-suscipit-laboriosam-nisi-ut-aliquid/</link>
		<pubDate>Fri, 30 Apr 2021 06:52:16 +0000</pubDate>
		<dc:creator><![CDATA[W3Layouts]]></dc:creator>
		<guid isPermaLink="false">http://localhost/ubedullah/Wordpress/industries/?p=37</guid>
		<description></description>
		<content:encoded><![CDATA[]]></content:encoded>
		<excerpt:encoded><![CDATA[]]></excerpt:encoded>
		<wp:post_id>37</wp:post_id>
		<wp:post_date><![CDATA[2021-04-30 06:52:16]]></wp:post_date>
		<wp:post_date_gmt><![CDATA[2021-04-30 06:52:16]]></wp:post_date_gmt>
		<wp:comment_status><![CDATA[open]]></wp:comment_status>
		<wp:ping_status><![CDATA[open]]></wp:ping_status>
		<wp:post_name><![CDATA[ullam-corporis-suscipit-laboriosam-nisi-ut-aliquid]]></wp:post_name>
		<wp:status><![CDATA[publish]]></wp:status>
		<wp:post_parent>0</wp:post_parent>
		<wp:menu_order>0</wp:menu_order>
		<wp:post_type><![CDATA[post]]></wp:post_type>
		<wp:post_password><![CDATA[]]></wp:post_password>
		<wp:is_sticky>0</wp:is_sticky>
										<category domain="category" nicename="creative"><![CDATA[Creative]]></category>
						</item>
					<item>
		<title>Wotam rem eaque ipsa quae ab</title>
		<link>http://localhost/ubedullah/Wordpress/industries/index.php/2021/04/30/wotam-rem-eaque-ipsa-quae-ab/</link>
		<pubDate>Fri, 30 Apr 2021 06:53:05 +0000</pubDate>
		<dc:creator><![CDATA[W3Layouts]]></dc:creator>
		<guid isPermaLink="false">http://localhost/ubedullah/Wordpress/industries/?p=40</guid>
		<description></description>
		<content:encoded><![CDATA[]]></content:encoded>
		<excerpt:encoded><![CDATA[]]></excerpt:encoded>
		<wp:post_id>40</wp:post_id>
		<wp:post_date><![CDATA[2021-04-30 06:53:05]]></wp:post_date>
		<wp:post_date_gmt><![CDATA[2021-04-30 06:53:05]]></wp:post_date_gmt>
		<wp:comment_status><![CDATA[open]]></wp:comment_status>
		<wp:ping_status><![CDATA[open]]></wp:ping_status>
		<wp:post_name><![CDATA[wotam-rem-eaque-ipsa-quae-ab]]></wp:post_name>
		<wp:status><![CDATA[publish]]></wp:status>
		<wp:post_parent>0</wp:post_parent>
		<wp:menu_order>0</wp:menu_order>
		<wp:post_type><![CDATA[post]]></wp:post_type>
		<wp:post_password><![CDATA[]]></wp:post_password>
		<wp:is_sticky>0</wp:is_sticky>
										<category domain="category" nicename="design"><![CDATA[Design]]></category>
						</item>
				</channel>
</rss>
	